"青沥扁包疙","悼疙","楷飞","己喊备盒","牢备荐"
"何魂堡开矫 秦款措备","快力1悼","0技 - 9技","巢","674"
"何魂堡开矫 秦款措备","快力1悼","0技 - 9技","咯","633"
"何魂堡开矫 秦款措备","快力1悼","10技 - 19技","巢","841"
"何魂堡开矫 秦款措备","快力1悼","10技 - 19技","咯","834"
"何魂堡开矫 秦款措备","快力1悼","20技 - 29技","巢","1531"
"何魂堡开矫 秦款措备","快力1悼","20技 - 29技","咯","1381"
"何魂堡开矫 秦款措备","快力1悼","30技 - 39技","巢","1406"
"何魂堡开矫 秦款措备","快力1悼","30技 - 39技","咯","1481"
"何魂堡开矫 秦款措备","快力1悼","40技 - 49技","巢","1666"
"何魂堡开矫 秦款措备","快力1悼","40技 - 49技","咯","1691"
"何魂堡开矫 秦款措备","快力1悼","50技 - 59技","巢","1790"
"何魂堡开矫 秦款措备","快力1悼","50技 - 59技","咯","2061"
"何魂堡开矫 秦款措备","快力1悼","60技 - 69技","巢","1592"
"何魂堡开矫 秦款措备","快力1悼","60技 - 69技","咯","1820"
"何魂堡开矫 秦款措备","快力1悼","70技 - 79技","巢","931"
"何魂堡开矫 秦款措备","快力1悼","70技 - 79技","咯","1024"
"何魂堡开矫 秦款措备","快力1悼","80技 - 89技","巢","242"
"何魂堡开矫 秦款措备","快力1悼","80技 - 89技","咯","405"
"何魂堡开矫 秦款措备","快力1悼","90技 - 99技","巢","23"
"何魂堡开矫 秦款措备","快力1悼","90技 - 99技","咯","65"
"何魂堡开矫 秦款措备","快力1悼","100技 - 109技","巢","5"
"何魂堡开矫 秦款措备","快力1悼","100技 - 109技","咯","11"
"何魂堡开矫 秦款措备","快力1悼","110技 捞惑","巢","2"
"何魂堡开矫 秦款措备","快力1悼","110技 捞惑","咯","7"
"何魂堡开矫 秦款措备","快力2悼","0技 - 9技","巢","1535"
"何魂堡开矫 秦款措备","快力2悼","0技 - 9技","咯","1406"
"何魂堡开矫 秦款措备","快力2悼","10技 - 19技","巢","1752"
"何魂堡开矫 秦款措备","快力2悼","10技 - 19技","咯","1627"
"何魂堡开矫 秦款措备","快力2悼","20技 - 29技","巢","1954"
"何魂堡开矫 秦款措备","快力2悼","20技 - 29技","咯","1757"
"何魂堡开矫 秦款措备","快力2悼","30技 - 39技","巢","1857"
"何魂堡开矫 秦款措备","快力2悼","30技 - 39技","咯","2240"
"何魂堡开矫 秦款措备","快力2悼","40技 - 49技","巢","2571"
"何魂堡开矫 秦款措备","快力2悼","40技 - 49技","咯","3013"
"何魂堡开矫 秦款措备","快力2悼","50技 - 59技","巢","2477"
"何魂堡开矫 秦款措备","快力2悼","50技 - 59技","咯","2661"
"何魂堡开矫 秦款措备","快力2悼","60技 - 69技","巢","1648"
"何魂堡开矫 秦款措备","快力2悼","60技 - 69技","咯","1837"
"何魂堡开矫 秦款措备","快力2悼","70技 - 79技","巢","868"
"何魂堡开矫 秦款措备","快力2悼","70技 - 79技","咯","1074"
"何魂堡开矫 秦款措备","快力2悼","80技 - 89技","巢","296"
"何魂堡开矫 秦款措备","快力2悼","80技 - 89技","咯","459"
"何魂堡开矫 秦款措备","快力2悼","90技 - 99技","巢","15"
"何魂堡开矫 秦款措备","快力2悼","90技 - 99技","咯","95"
"何魂堡开矫 秦款措备","快力2悼","100技 - 109技","巢","1"
"何魂堡开矫 秦款措备","快力2悼","100技 - 109技","咯","3"
"何魂堡开矫 秦款措备","快力2悼","110技 捞惑","巢","0"
"何魂堡开矫 秦款措备","快力2悼","110技 捞惑","咯","2"
"何魂堡开矫 秦款措备","快力3悼","0技 - 9技","巢","1414"
"何魂堡开矫 秦款措备","快力3悼","0技 - 9技","咯","1297"
"何魂堡开矫 秦款措备","快力3悼","10技 - 19技","巢","1676"
"何魂堡开矫 秦款措备","快力3悼","10技 - 19技","咯","1656"
"何魂堡开矫 秦款措备","快力3悼","20技 - 29技","巢","1668"
"何魂堡开矫 秦款措备","快力3悼","20技 - 29技","咯","1559"
"何魂堡开矫 秦款措备","快力3悼","30技 - 39技","巢","1478"
"何魂堡开矫 秦款措备","快力3悼","30技 - 39技","咯","1985"
"何魂堡开矫 秦款措备","快力3悼","40技 - 49技","巢","2284"
"何魂堡开矫 秦款措备","快力3悼","40技 - 49技","咯","2772"
"何魂堡开矫 秦款措备","快力3悼","50技 - 59技","巢","2269"
"何魂堡开矫 秦款措备","快力3悼","50技 - 59技","咯","2591"
"何魂堡开矫 秦款措备","快力3悼","60技 - 69技","巢","1541"
"何魂堡开矫 秦款措备","快力3悼","60技 - 69技","咯","1716"
"何魂堡开矫 秦款措备","快力3悼","70技 - 79技","巢","785"
"何魂堡开矫 秦款措备","快力3悼","70技 - 79技","咯","839"
"何魂堡开矫 秦款措备","快力3悼","80技 - 89技","巢","219"
"何魂堡开矫 秦款措备","快力3悼","80技 - 89技","咯","396"
"何魂堡开矫 秦款措备","快力3悼","90技 - 99技","巢","28"
"何魂堡开矫 秦款措备","快力3悼","90技 - 99技","咯","69"
"何魂堡开矫 秦款措备","快力3悼","100技 - 109技","巢","1"
"何魂堡开矫 秦款措备","快力3悼","100技 - 109技","咯","1"
"何魂堡开矫 秦款措备","快力3悼","110技 捞惑","巢","0"
"何魂堡开矫 秦款措备","快力3悼","110技 捞惑","咯","0"
"何魂堡开矫 秦款措备","吝力1悼","0技 - 9技","巢","911"
"何魂堡开矫 秦款措备","吝力1悼","0技 - 9技","咯","866"
"何魂堡开矫 秦款措备","吝力1悼","10技 - 19技","巢","1137"
"何魂堡开矫 秦款措备","吝力1悼","10技 - 19技","咯","1055"
"何魂堡开矫 秦款措备","吝力1悼","20技 - 29技","巢","1493"
"何魂堡开矫 秦款措备","吝力1悼","20技 - 29技","咯","1381"
"何魂堡开矫 秦款措备","吝力1悼","30技 - 39技","巢","1373"
"何魂堡开矫 秦款措备","吝力1悼","30技 - 39技","咯","1560"
"何魂堡开矫 秦款措备","吝力1悼","40技 - 49技","巢","1994"
"何魂堡开矫 秦款措备","吝力1悼","40技 - 49技","咯","2115"
"何魂堡开矫 秦款措备","吝力1悼","50技 - 59技","巢","1880"
"何魂堡开矫 秦款措备","吝力1悼","50技 - 59技","咯","1936"
"何魂堡开矫 秦款措备","吝力1悼","60技 - 69技","巢","1266"
"何魂堡开矫 秦款措备","吝力1悼","60技 - 69技","咯","1469"
"何魂堡开矫 秦款措备","吝力1悼","70技 - 79技","巢","696"
"何魂堡开矫 秦款措备","吝力1悼","70技 - 79技","咯","888"
"何魂堡开矫 秦款措备","吝力1悼","80技 - 89技","巢","232"
"何魂堡开矫 秦款措备","吝力1悼","80技 - 89技","咯","382"
"何魂堡开矫 秦款措备","吝力1悼","90技 - 99技","巢","27"
"何魂堡开矫 秦款措备","吝力1悼","90技 - 99技","咯","53"
"何魂堡开矫 秦款措备","吝力1悼","100技 - 109技","巢","3"
"何魂堡开矫 秦款措备","吝力1悼","100技 - 109技","咯","9"
"何魂堡开矫 秦款措备","吝力1悼","110技 捞惑","巢","0"
"何魂堡开矫 秦款措备","吝力1悼","110技 捞惑","咯","1"
"何魂堡开矫 秦款措备","吝力2悼","0技 - 9技","巢","633"
"何魂堡开矫 秦款措备","吝力2悼","0技 - 9技","咯","598"
"何魂堡开矫 秦款措备","吝力2悼","10技 - 19技","巢","631"
"何魂堡开矫 秦款措备","吝力2悼","10技 - 19技","咯","617"
"何魂堡开矫 秦款措备","吝力2悼","20技 - 29技","巢","1038"
"何魂堡开矫 秦款措备","吝力2悼","20技 - 29技","咯","968"
"何魂堡开矫 秦款措备","吝力2悼","30技 - 39技","巢","1208"
"何魂堡开矫 秦款措备","吝力2悼","30技 - 39技","咯","1275"
"何魂堡开矫 秦款措备","吝力2悼","40技 - 49技","巢","1323"
"何魂堡开矫 秦款措备","吝力2悼","40技 - 49技","咯","1408"
"何魂堡开矫 秦款措备","吝力2悼","50技 - 59技","巢","1288"
"何魂堡开矫 秦款措备","吝力2悼","50技 - 59技","咯","1628"
"何魂堡开矫 秦款措备","吝力2悼","60技 - 69技","巢","991"
"何魂堡开矫 秦款措备","吝力2悼","60技 - 69技","咯","1108"
"何魂堡开矫 秦款措备","吝力2悼","70技 - 79技","巢","454"
"何魂堡开矫 秦款措备","吝力2悼","70技 - 79技","咯","557"
"何魂堡开矫 秦款措备","吝力2悼","80技 - 89技","巢","116"
"何魂堡开矫 秦款措备","吝力2悼","80技 - 89技","咯","236"
"何魂堡开矫 秦款措备","吝力2悼","90技 - 99技","巢","11"
"何魂堡开矫 秦款措备","吝力2悼","90技 - 99技","咯","46"
"何魂堡开矫 秦款措备","吝力2悼","100技 - 109技","巢","2"
"何魂堡开矫 秦款措备","吝力2悼","100技 - 109技","咯","5"
"何魂堡开矫 秦款措备","吝力2悼","110技 捞惑","巢","0"
"何魂堡开矫 秦款措备","吝力2悼","110技 捞惑","咯","2"
"何魂堡开矫 秦款措备","谅力1悼","0技 - 9技","巢","763"
"何魂堡开矫 秦款措备","谅力1悼","0技 - 9技","咯","722"
"何魂堡开矫 秦款措备","谅力1悼","10技 - 19技","巢","1279"
"何魂堡开矫 秦款措备","谅力1悼","10技 - 19技","咯","1117"
"何魂堡开矫 秦款措备","谅力1悼","20技 - 29技","巢","1308"
"何魂堡开矫 秦款措备","谅力1悼","20技 - 29技","咯","1481"
"何魂堡开矫 秦款措备","谅力1悼","30技 - 39技","巢","1043"
"何魂堡开矫 秦款措备","谅力1悼","30技 - 39技","咯","1377"
"何魂堡开矫 秦款措备","谅力1悼","40技 - 49技","巢","1693"
"何魂堡开矫 秦款措备","谅力1悼","40技 - 49技","咯","2067"
"何魂堡开矫 秦款措备","谅力1悼","50技 - 59技","巢","1429"
"何魂堡开矫 秦款措备","谅力1悼","50技 - 59技","咯","1508"
"何魂堡开矫 秦款措备","谅力1悼","60技 - 69技","巢","765"
"何魂堡开矫 秦款措备","谅力1悼","60技 - 69技","咯","799"
"何魂堡开矫 秦款措备","谅力1悼","70技 - 79技","巢","387"
"何魂堡开矫 秦款措备","谅力1悼","70技 - 79技","咯","633"
"何魂堡开矫 秦款措备","谅力1悼","80技 - 89技","巢","212"
"何魂堡开矫 秦款措备","谅力1悼","80技 - 89技","咯","335"
"何魂堡开矫 秦款措备","谅力1悼","90技 - 99技","巢","24"
"何魂堡开矫 秦款措备","谅力1悼","90技 - 99技","咯","39"
"何魂堡开矫 秦款措备","谅力1悼","100技 - 109技","巢","0"
"何魂堡开矫 秦款措备","谅力1悼","100技 - 109技","咯","1"
"何魂堡开矫 秦款措备","谅力1悼","110技 捞惑","巢","0"
"何魂堡开矫 秦款措备","谅力1悼","110技 捞惑","咯","0"
"何魂堡开矫 秦款措备","谅力2悼","0技 - 9技","巢","1241"
"何魂堡开矫 秦款措备","谅力2悼","0技 - 9技","咯","1195"
"何魂堡开矫 秦款措备","谅力2悼","10技 - 19技","巢","1848"
"何魂堡开矫 秦款措备","谅力2悼","10技 - 19技","咯","1640"
"何魂堡开矫 秦款措备","谅力2悼","20技 - 29技","巢","2507"
"何魂堡开矫 秦款措备","谅力2悼","20技 - 29技","咯","2712"
"何魂堡开矫 秦款措备","谅力2悼","30技 - 39技","巢","2147"
"何魂堡开矫 秦款措备","谅力2悼","30技 - 39技","咯","2539"
"何魂堡开矫 秦款措备","谅力2悼","40技 - 49技","巢","2457"
"何魂堡开矫 秦款措备","谅力2悼","40技 - 49技","咯","3261"
"何魂堡开矫 秦款措备","谅力2悼","50技 - 59技","巢","2676"
"何魂堡开矫 秦款措备","谅力2悼","50技 - 59技","咯","3072"
"何魂堡开矫 秦款措备","谅力2悼","60技 - 69技","巢","1480"
"何魂堡开矫 秦款措备","谅力2悼","60技 - 69技","咯","1674"
"何魂堡开矫 秦款措备","谅力2悼","70技 - 79技","巢","760"
"何魂堡开矫 秦款措备","谅力2悼","70技 - 79技","咯","1084"
"何魂堡开矫 秦款措备","谅力2悼","80技 - 89技","巢","305"
"何魂堡开矫 秦款措备","谅力2悼","80技 - 89技","咯","577"
"何魂堡开矫 秦款措备","谅力2悼","90技 - 99技","巢","19"
"何魂堡开矫 秦款措备","谅力2悼","90技 - 99技","咯","75"
"何魂堡开矫 秦款措备","谅力2悼","100技 - 109技","巢","0"
"何魂堡开矫 秦款措备","谅力2悼","100技 - 109技","咯","1"
"何魂堡开矫 秦款措备","谅力2悼","110技 捞惑","巢","0"
"何魂堡开矫 秦款措备","谅力2悼","110技 捞惑","咯","1"
"何魂堡开矫 秦款措备","谅力3悼","0技 - 9技","巢","680"
"何魂堡开矫 秦款措备","谅力3悼","0技 - 9技","咯","635"
"何魂堡开矫 秦款措备","谅力3悼","10技 - 19技","巢","1124"
"何魂堡开矫 秦款措备","谅力3悼","10技 - 19技","咯","1043"
"何魂堡开矫 秦款措备","谅力3悼","20技 - 29技","巢","1156"
"何魂堡开矫 秦款措备","谅力3悼","20技 - 29技","咯","1031"
"何魂堡开矫 秦款措备","谅力3悼","30技 - 39技","巢","918"
"何魂堡开矫 秦款措备","谅力3悼","30技 - 39技","咯","1014"
"何魂堡开矫 秦款措备","谅力3悼","40技 - 49技","巢","1323"
"何魂堡开矫 秦款措备","谅力3悼","40技 - 49技","咯","1658"
"何魂堡开矫 秦款措备","谅力3悼","50技 - 59技","巢","1456"
"何魂堡开矫 秦款措备","谅力3悼","50技 - 59技","咯","1652"
"何魂堡开矫 秦款措备","谅力3悼","60技 - 69技","巢","864"
"何魂堡开矫 秦款措备","谅力3悼","60技 - 69技","咯","978"
"何魂堡开矫 秦款措备","谅力3悼","70技 - 79技","巢","458"
"何魂堡开矫 秦款措备","谅力3悼","70技 - 79技","咯","694"
"何魂堡开矫 秦款措备","谅力3悼","80技 - 89技","巢","206"
"何魂堡开矫 秦款措备","谅力3悼","80技 - 89技","咯","398"
"何魂堡开矫 秦款措备","谅力3悼","90技 - 99技","巢","20"
"何魂堡开矫 秦款措备","谅力3悼","90技 - 99技","咯","40"
"何魂堡开矫 秦款措备","谅力3悼","100技 - 109技","巢","0"
"何魂堡开矫 秦款措备","谅力3悼","100技 - 109技","咯","0"
"何魂堡开矫 秦款措备","谅力3悼","110技 捞惑","巢","0"
"何魂堡开矫 秦款措备","谅力3悼","110技 捞惑","咯","0"
"何魂堡开矫 秦款措备","谅力4悼","0技 - 9技","巢","1058"
"何魂堡开矫 秦款措备","谅力4悼","0技 - 9技","咯","979"
"何魂堡开矫 秦款措备","谅力4悼","10技 - 19技","巢","1780"
"何魂堡开矫 秦款措备","谅力4悼","10技 - 19技","咯","1717"
"何魂堡开矫 秦款措备","谅力4悼","20技 - 29技","巢","1686"
"何魂堡开矫 秦款措备","谅力4悼","20技 - 29技","咯","1492"
"何魂堡开矫 秦款措备","谅力4悼","30技 - 39技","巢","1210"
"何魂堡开矫 秦款措备","谅力4悼","30技 - 39技","咯","1467"
"何魂堡开矫 秦款措备","谅力4悼","40技 - 49技","巢","2119"
"何魂堡开矫 秦款措备","谅力4悼","40技 - 49技","咯","2673"
"何魂堡开矫 秦款措备","谅力4悼","50技 - 59技","巢","2056"
"何魂堡开矫 秦款措备","谅力4悼","50技 - 59技","咯","2103"
"何魂堡开矫 秦款措备","谅力4悼","60技 - 69技","巢","1092"
"何魂堡开矫 秦款措备","谅力4悼","60技 - 69技","咯","1131"
"何魂堡开矫 秦款措备","谅力4悼","70技 - 79技","巢","553"
"何魂堡开矫 秦款措备","谅力4悼","70技 - 79技","咯","775"
"何魂堡开矫 秦款措备","谅力4悼","80技 - 89技","巢","220"
"何魂堡开矫 秦款措备","谅力4悼","80技 - 89技","咯","427"
"何魂堡开矫 秦款措备","谅力4悼","90技 - 99技","巢","20"
"何魂堡开矫 秦款措备","谅力4悼","90技 - 99技","咯","45"
"何魂堡开矫 秦款措备","谅力4悼","100技 - 109技","巢","0"
"何魂堡开矫 秦款措备","谅力4悼","100技 - 109技","咯","0"
"何魂堡开矫 秦款措备","谅力4悼","110技 捞惑","巢","0"
"何魂堡开矫 秦款措备","谅力4悼","110技 捞惑","咯","0"
"何魂堡开矫 秦款措备","价沥悼","0技 - 9技","巢","359"
"何魂堡开矫 秦款措备","价沥悼","0技 - 9技","咯","303"
"何魂堡开矫 秦款措备","价沥悼","10技 - 19技","巢","358"
"何魂堡开矫 秦款措备","价沥悼","10技 - 19技","咯","312"
"何魂堡开矫 秦款措备","价沥悼","20技 - 29技","巢","731"
"何魂堡开矫 秦款措备","价沥悼","20技 - 29技","咯","638"
"何魂堡开矫 秦款措备","价沥悼","30技 - 39技","巢","739"
"何魂堡开矫 秦款措备","价沥悼","30技 - 39技","咯","667"
"何魂堡开矫 秦款措备","价沥悼","40技 - 49技","巢","774"
"何魂堡开矫 秦款措备","价沥悼","40技 - 49技","咯","692"
"何魂堡开矫 秦款措备","价沥悼","50技 - 59技","巢","848"
"何魂堡开矫 秦款措备","价沥悼","50技 - 59技","咯","1056"
"何魂堡开矫 秦款措备","价沥悼","60技 - 69技","巢","786"
"何魂堡开矫 秦款措备","价沥悼","60技 - 69技","咯","895"
"何魂堡开矫 秦款措备","价沥悼","70技 - 79技","巢","372"
"何魂堡开矫 秦款措备","价沥悼","70技 - 79技","咯","501"
"何魂堡开矫 秦款措备","价沥悼","80技 - 89技","巢","111"
"何魂堡开矫 秦款措备","价沥悼","80技 - 89技","咯","270"
"何魂堡开矫 秦款措备","价沥悼","90技 - 99技","巢","4"
"何魂堡开矫 秦款措备","价沥悼","90技 - 99技","咯","34"
"何魂堡开矫 秦款措备","价沥悼","100技 - 109技","巢","0"
"何魂堡开矫 秦款措备","价沥悼","100技 - 109技","咯","4"
"何魂堡开矫 秦款措备","价沥悼","110技 捞惑","巢","0"
"何魂堡开矫 秦款措备","价沥悼","110技 捞惑","咯","1"
"何魂堡开矫 秦款措备","馆咯力1悼","0技 - 9技","巢","1651"
"何魂堡开矫 秦款措备","馆咯力1悼","0技 - 9技","咯","1489"
"何魂堡开矫 秦款措备","馆咯力1悼","10技 - 19技","巢","2607"
"何魂堡开矫 秦款措备","馆咯力1悼","10技 - 19技","咯","2323"
"何魂堡开矫 秦款措备","馆咯力1悼","20技 - 29技","巢","2339"
"何魂堡开矫 秦款措备","馆咯力1悼","20技 - 29技","咯","1972"
"何魂堡开矫 秦款措备","馆咯力1悼","30技 - 39技","巢","1992"
"何魂堡开矫 秦款措备","馆咯力1悼","30技 - 39技","咯","2299"
"何魂堡开矫 秦款措备","馆咯力1悼","40技 - 49技","巢","3374"
"何魂堡开矫 秦款措备","馆咯力1悼","40技 - 49技","咯","3661"
"何魂堡开矫 秦款措备","馆咯力1悼","50技 - 59技","巢","3258"
"何魂堡开矫 秦款措备","馆咯力1悼","50技 - 59技","咯","3157"
"何魂堡开矫 秦款措备","馆咯力1悼","60技 - 69技","巢","2072"
"何魂堡开矫 秦款措备","馆咯力1悼","60技 - 69技","咯","2083"
"何魂堡开矫 秦款措备","馆咯力1悼","70技 - 79技","巢","927"
"何魂堡开矫 秦款措备","馆咯力1悼","70技 - 79技","咯","1086"
"何魂堡开矫 秦款措备","馆咯力1悼","80技 - 89技","巢","276"
"何魂堡开矫 秦款措备","馆咯力1悼","80技 - 89技","咯","524"
"何魂堡开矫 秦款措备","馆咯力1悼","90技 - 99技","巢","24"
"何魂堡开矫 秦款措备","馆咯力1悼","90技 - 99技","咯","82"
"何魂堡开矫 秦款措备","馆咯力1悼","100技 - 109技","巢","1"
"何魂堡开矫 秦款措备","馆咯力1悼","100技 - 109技","咯","1"
"何魂堡开矫 秦款措备","馆咯力1悼","110技 捞惑","巢","0"
"何魂堡开矫 秦款措备","馆咯力1悼","110技 捞惑","咯","0"
"何魂堡开矫 秦款措备","馆咯力2悼","0技 - 9技","巢","272"
"何魂堡开矫 秦款措备","馆咯力2悼","0技 - 9技","咯","249"
"何魂堡开矫 秦款措备","馆咯力2悼","10技 - 19技","巢","456"
"何魂堡开矫 秦款措备","馆咯力2悼","10技 - 19技","咯","459"
"何魂堡开矫 秦款措备","馆咯力2悼","20技 - 29技","巢","968"
"何魂堡开矫 秦款措备","馆咯力2悼","20技 - 29技","咯","777"
"何魂堡开矫 秦款措备","馆咯力2悼","30技 - 39技","巢","876"
"何魂堡开矫 秦款措备","馆咯力2悼","30技 - 39技","咯","688"
"何魂堡开矫 秦款措备","馆咯力2悼","40技 - 49技","巢","1081"
"何魂堡开矫 秦款措备","馆咯力2悼","40技 - 49技","咯","974"
"何魂堡开矫 秦款措备","馆咯力2悼","50技 - 59技","巢","1260"
"何魂堡开矫 秦款措备","馆咯力2悼","50技 - 59技","咯","1355"
"何魂堡开矫 秦款措备","馆咯力2悼","60技 - 69技","巢","1088"
"何魂堡开矫 秦款措备","馆咯力2悼","60技 - 69技","咯","1271"
"何魂堡开矫 秦款措备","馆咯力2悼","70技 - 79技","巢","596"
"何魂堡开矫 秦款措备","馆咯力2悼","70技 - 79技","咯","831"
"何魂堡开矫 秦款措备","馆咯力2悼","80技 - 89技","巢","156"
"何魂堡开矫 秦款措备","馆咯力2悼","80技 - 89技","咯","337"
"何魂堡开矫 秦款措备","馆咯力2悼","90技 - 99技","巢","7"
"何魂堡开矫 秦款措备","馆咯力2悼","90技 - 99技","咯","39"
"何魂堡开矫 秦款措备","馆咯力2悼","100技 - 109技","巢","0"
"何魂堡开矫 秦款措备","馆咯力2悼","100技 - 109技","咯","9"
"何魂堡开矫 秦款措备","馆咯力3悼","110技 捞惑","巢","2"
"何魂堡开矫 秦款措备","馆咯力3悼","110技 捞惑","咯","3"
"何魂堡开矫 秦款措备","馆咯力3悼","0技 - 9技","巢","238"
"何魂堡开矫 秦款措备","馆咯力3悼","0技 - 9技","咯","197"
"何魂堡开矫 秦款措备","馆咯力3悼","10技 - 19技","巢","395"
"何魂堡开矫 秦款措备","馆咯力3悼","10技 - 19技","咯","356"
"何魂堡开矫 秦款措备","馆咯力3悼","20技 - 29技","巢","710"
"何魂堡开矫 秦款措备","馆咯力3悼","20技 - 29技","咯","583"
"何魂堡开矫 秦款措备","馆咯力3悼","30技 - 39技","巢","585"
"何魂堡开矫 秦款措备","馆咯力3悼","30技 - 39技","咯","478"
"何魂堡开矫 秦款措备","馆咯力3悼","40技 - 49技","巢","740"
"何魂堡开矫 秦款措备","馆咯力3悼","40技 - 49技","咯","683"
"何魂堡开矫 秦款措备","馆咯力3悼","50技 - 59技","巢","958"
"何魂堡开矫 秦款措备","馆咯力3悼","50技 - 59技","咯","1060"
"何魂堡开矫 秦款措备","馆咯力3悼","60技 - 69技","巢","775"
"何魂堡开矫 秦款措备","馆咯力3悼","60技 - 69技","咯","962"
"何魂堡开矫 秦款措备","馆咯力3悼","70技 - 79技","巢","446"
"何魂堡开矫 秦款措备","馆咯力3悼","70技 - 79技","咯","598"
"何魂堡开矫 秦款措备","馆咯力3悼","80技 - 89技","巢","134"
"何魂堡开矫 秦款措备","馆咯力3悼","80技 - 89技","咯","238"
"何魂堡开矫 秦款措备","馆咯力3悼","90技 - 99技","巢","10"
"何魂堡开矫 秦款措备","馆咯力3悼","90技 - 99技","咯","29"
"何魂堡开矫 秦款措备","馆咯力3悼","100技 - 109技","巢","0"
"何魂堡开矫 秦款措备","馆咯力3悼","100技 - 109技","咯","1"
"何魂堡开矫 秦款措备","馆咯力3悼","110技 捞惑","巢","1"
"何魂堡开矫 秦款措备","馆咯力3悼","110技 捞惑","咯","3"
"何魂堡开矫 秦款措备","馆咯力4悼","0技 - 9技","巢","691"
"何魂堡开矫 秦款措备","馆咯力4悼","0技 - 9技","咯","651"
"何魂堡开矫 秦款措备","馆咯力4悼","10技 - 19技","巢","899"
"何魂堡开矫 秦款措备","馆咯力4悼","10技 - 19技","咯","843"
"何魂堡开矫 秦款措备","馆咯力4悼","20技 - 29技","巢","1166"
"何魂堡开矫 秦款措备","馆咯力4悼","20技 - 29技","咯","1014"
"何魂堡开矫 秦款措备","馆咯力4悼","30技 - 39技","巢","1012"
"何魂堡开矫 秦款措备","馆咯力4悼","30技 - 39技","咯","1026"
"何魂堡开矫 秦款措备","馆咯力4悼","40技 - 49技","巢","1260"
"何魂堡开矫 秦款措备","馆咯力4悼","40技 - 49技","咯","1426"
"何魂堡开矫 秦款措备","馆咯力4悼","50技 - 59技","巢","1424"
"何魂堡开矫 秦款措备","馆咯力4悼","50技 - 59技","咯","1547"
"何魂堡开矫 秦款措备","馆咯力4悼","60技 - 69技","巢","988"
"何魂堡开矫 秦款措备","馆咯力4悼","60技 - 69技","咯","942"
"何魂堡开矫 秦款措备","馆咯力4悼","70技 - 79技","巢","384"
"何魂堡开矫 秦款措备","馆咯力4悼","70技 - 79技","咯","423"
"何魂堡开矫 秦款措备","馆咯力4悼","80技 - 89技","巢","75"
"何魂堡开矫 秦款措备","馆咯力4悼","80技 - 89技","咯","206"
"何魂堡开矫 秦款措备","馆咯力4悼","90技 - 99技","巢","5"
"何魂堡开矫 秦款措备","馆咯力4悼","90技 - 99技","咯","31"
"何魂堡开矫 秦款措备","馆咯力4悼","100技 - 109技","巢","1"
"何魂堡开矫 秦款措备","馆咯力4悼","100技 - 109技","咯","1"
"何魂堡开矫 秦款措备","馆咯力4悼","110技 捞惑","巢","0"
"何魂堡开矫 秦款措备","馆咯力4悼","110技 捞惑","咯","0"
"何魂堡开矫 秦款措备","馆价力1悼","0技 - 9技","巢","286"
"何魂堡开矫 秦款措备","馆价力1悼","0技 - 9技","咯","276"
"何魂堡开矫 秦款措备","馆价力1悼","10技 - 19技","巢","623"
"何魂堡开矫 秦款措备","馆价力1悼","10技 - 19技","咯","527"
"何魂堡开矫 秦款措备","馆价力1悼","20技 - 29技","巢","1100"
"何魂堡开矫 秦款措备","馆价力1悼","20技 - 29技","咯","920"
"何魂堡开矫 秦款措备","馆价力1悼","30技 - 39技","巢","874"
"何魂堡开矫 秦款措备","馆价力1悼","30技 - 39技","咯","654"
"何魂堡开矫 秦款措备","馆价力1悼","40技 - 49技","巢","1326"
"何魂堡开矫 秦款措备","馆价力1悼","40技 - 49技","咯","1057"
"何魂堡开矫 秦款措备","馆价力1悼","50技 - 59技","巢","1575"
"何魂堡开矫 秦款措备","馆价力1悼","50技 - 59技","咯","1500"
"何魂堡开矫 秦款措备","馆价力1悼","60技 - 69技","巢","1337"
"何魂堡开矫 秦款措备","馆价力1悼","60技 - 69技","咯","1440"
"何魂堡开矫 秦款措备","馆价力1悼","70技 - 79技","巢","808"
"何魂堡开矫 秦款措备","馆价力1悼","70技 - 79技","咯","1139"
"何魂堡开矫 秦款措备","馆价力1悼","80技 - 89技","巢","220"
"何魂堡开矫 秦款措备","馆价力1悼","80技 - 89技","咯","449"
"何魂堡开矫 秦款措备","馆价力1悼","90技 - 99技","巢","13"
"何魂堡开矫 秦款措备","馆价力1悼","90技 - 99技","咯","65"
"何魂堡开矫 秦款措备","馆价力1悼","100技 - 109技","巢","3"
"何魂堡开矫 秦款措备","馆价力1悼","100技 - 109技","咯","11"
"何魂堡开矫 秦款措备","馆价力1悼","110技 捞惑","巢","5"
"何魂堡开矫 秦款措备","馆价力1悼","110技 捞惑","咯","6"
"何魂堡开矫 秦款措备","馆价力2悼","0技 - 9技","巢","643"
"何魂堡开矫 秦款措备","馆价力2悼","0技 - 9技","咯","549"
"何魂堡开矫 秦款措备","馆价力2悼","10技 - 19技","巢","1025"
"何魂堡开矫 秦款措备","馆价力2悼","10技 - 19技","咯","967"
"何魂堡开矫 秦款措备","馆价力2悼","20技 - 29技","巢","1657"
"何魂堡开矫 秦款措备","馆价力2悼","20技 - 29技","咯","1339"
"何魂堡开矫 秦款措备","馆价力2悼","30技 - 39技","巢","1490"
"何魂堡开矫 秦款措备","馆价力2悼","30技 - 39技","咯","1145"
"何魂堡开矫 秦款措备","馆价力2悼","40技 - 49技","巢","1978"
"何魂堡开矫 秦款措备","馆价力2悼","40技 - 49技","咯","1741"
"何魂堡开矫 秦款措备","馆价力2悼","50技 - 59技","巢","2454"
"何魂堡开矫 秦款措备","馆价力2悼","50技 - 59技","咯","2545"
"何魂堡开矫 秦款措备","馆价力2悼","60技 - 69技","巢","2198"
"何魂堡开矫 秦款措备","馆价力2悼","60技 - 69技","咯","2593"
"何魂堡开矫 秦款措备","馆价力2悼","70技 - 79技","巢","1185"
"何魂堡开矫 秦款措备","馆价力2悼","70技 - 79技","咯","1698"
"何魂堡开矫 秦款措备","馆价力2悼","80技 - 89技","巢","266"
"何魂堡开矫 秦款措备","馆价力2悼","80技 - 89技","咯","726"
"何魂堡开矫 秦款措备","馆价力2悼","90技 - 99技","巢","28"
"何魂堡开矫 秦款措备","馆价力2悼","90技 - 99技","咯","119"
"何魂堡开矫 秦款措备","馆价力2悼","100技 - 109技","巢","3"
"何魂堡开矫 秦款措备","馆价力2悼","100技 - 109技","咯","5"
"何魂堡开矫 秦款措备","馆价力2悼","110技 捞惑","巢","0"
"何魂堡开矫 秦款措备","馆价力2悼","110技 捞惑","咯","7"
"何魂堡开矫 秦款措备","犁价力1悼","0技 - 9技","巢","2426"
"何魂堡开矫 秦款措备","犁价力1悼","0技 - 9技","咯","2198"
"何魂堡开矫 秦款措备","犁价力1悼","10技 - 19技","巢","2622"
"何魂堡开矫 秦款措备","犁价力1悼","10技 - 19技","咯","2350"
"何魂堡开矫 秦款措备","犁价力1悼","20技 - 29技","巢","2039"
"何魂堡开矫 秦款措备","犁价力1悼","20技 - 29技","咯","1910"
"何魂堡开矫 秦款措备","犁价力1悼","30技 - 39技","巢","2588"
"何魂堡开矫 秦款措备","犁价力1悼","30技 - 39技","咯","3084"
"何魂堡开矫 秦款措备","犁价力1悼","40技 - 49技","巢","3784"
"何魂堡开矫 秦款措备","犁价力1悼","40技 - 49技","咯","3919"
"何魂堡开矫 秦款措备","犁价力1悼","50技 - 59技","巢","2603"
"何魂堡开矫 秦款措备","犁价力1悼","50技 - 59技","咯","2772"
"何魂堡开矫 秦款措备","犁价力1悼","60技 - 69技","巢","1859"
"何魂堡开矫 秦款措备","犁价力1悼","60技 - 69技","咯","1975"
"何魂堡开矫 秦款措备","犁价力1悼","70技 - 79技","巢","815"
"何魂堡开矫 秦款措备","犁价力1悼","70技 - 79技","咯","869"
"何魂堡开矫 秦款措备","犁价力1悼","80技 - 89技","巢","178"
"何魂堡开矫 秦款措备","犁价力1悼","80技 - 89技","咯","359"
"何魂堡开矫 秦款措备","犁价力1悼","90技 - 99技","巢","19"
"何魂堡开矫 秦款措备","犁价力1悼","90技 - 99技","咯","76"
"何魂堡开矫 秦款措备","犁价力1悼","100技 - 109技","巢","1"
"何魂堡开矫 秦款措备","犁价力1悼","100技 - 109技","咯","0"
"何魂堡开矫 秦款措备","犁价力1悼","110技 捞惑","巢","1"
"何魂堡开矫 秦款措备","犁价力1悼","110技 捞惑","咯","0"
"何魂堡开矫 秦款措备","犁价力2悼","0技 - 9技","巢","994"
"何魂堡开矫 秦款措备","犁价力2悼","0技 - 9技","咯","865"
"何魂堡开矫 秦款措备","犁价力2悼","10技 - 19技","巢","1263"
"何魂堡开矫 秦款措备","犁价力2悼","10技 - 19技","咯","1220"
"何魂堡开矫 秦款措备","犁价力2悼","20技 - 29技","巢","2078"
"何魂堡开矫 秦款措备","犁价力2悼","20技 - 29技","咯","1747"
"何魂堡开矫 秦款措备","犁价力2悼","30技 - 39技","巢","1984"
"何魂堡开矫 秦款措备","犁价力2悼","30技 - 39技","咯","1872"
"何魂堡开矫 秦款措备","犁价力2悼","40技 - 49技","巢","2119"
"何魂堡开矫 秦款措备","犁价力2悼","40技 - 49技","咯","2268"
"何魂堡开矫 秦款措备","犁价力2悼","50技 - 59技","巢","2410"
"何魂堡开矫 秦款措备","犁价力2悼","50技 - 59技","咯","2870"
"何魂堡开矫 秦款措备","犁价力2悼","60技 - 69技","巢","1970"
"何魂堡开矫 秦款措备","犁价力2悼","60技 - 69技","咯","2198"
"何魂堡开矫 秦款措备","犁价力2悼","70技 - 79技","巢","766"
"何魂堡开矫 秦款措备","犁价力2悼","70技 - 79技","咯","935"
"何魂堡开矫 秦款措备","犁价力2悼","80技 - 89技","巢","182"
"何魂堡开矫 秦款措备","犁价力2悼","80技 - 89技","咯","446"
"何魂堡开矫 秦款措备","犁价力2悼","90技 - 99技","巢","12"
"何魂堡开矫 秦款措备","犁价力2悼","90技 - 99技","咯","60"
"何魂堡开矫 秦款措备","犁价力2悼","100技 - 109技","巢","1"
"何魂堡开矫 秦款措备","犁价力2悼","100技 - 109技","咯","2"
"何魂堡开矫 秦款措备","犁价力2悼","110技 捞惑","巢","0"
"何魂堡开矫 秦款措备","犁价力2悼","110技 捞惑","咯","3"
